text,label,note
regular vet appt how often are you guys taking your cats to see a vet? my pookie just saw someone in August and nothing has changed im not worried at all just wondering when when should i take her again,health,
"I feel so dumb for not realizing my cat just wanted to be included on my desk My six year old cat has been pretty vocal most of her life this far, but recently she’s been very persistent to keep my attention. For a few weeks I figured this was due to her recent issues with a prior UTI and her discomfort with a urinary crystal (scheduled to be removed next week), so I got her a low dose prescription for gabapentin. This calmed her down a tad, but it didn’t stop her from sitting next to my chair and nipping me for attention.

Today she was meowing anytime I looked away from her after I let her into the office, so I decided to look up specifically why cats might get more demanding when you sit to work at your desk. Well, turns out this is pretty common as most of you probably know. And the most common solution I found was to make a space on the desk for the cat to feel “included.” So I shuffled some things around to fit her bed next to my work equipment on the desk.

And wouldn’t you know it, this calmed her down immediately. No more yelling in my ear. No more nips for attention. She made herself at home and continued observing me as I got to work this morning.

I’ve grown up with cats all my life. I’m 35, and I feel so silly for not even considering this prior to now. I’m always learning something new with these guys!

Edit - I’m loving all your stories and pictures of your own desk setups for the cats! It’s so fun to see how everyone has accommodated their own little supurrvisors. Thank you for sharing and teaching me a new way to keep my cats happy!",behavior,
"Cat only wants to drink from faucets My female cat only wants to drink from faucets. She is constantly jumping into the tub or on the bathroom sink and rubbing her face on the faucet while meowing. We have gotten her a variety of fountain type bowls, even one with an actual mini sink faucet, and she just knocks the tops off of them. Our male cat has no issue drinking out of any of the fancy fountains we have bought or just a regular bowl and we change the water and filters regularly. I’m worried she is depriving herself of adequate water, but don’t want to always give in and turn the faucet on for her. She is a rescue that we have had for almost 2 years, she was surrendered at age 3 so I’m not sure what her previous owner was doing. What do I do?",behavior,
"How do I stop my cat from slapping my baby? TLDR at the bottom

Hi everyone, my baby is 20 months so theyre very active with running around the home. However when she tries to pet the cat he will start to slap her, usually he runs away but as my daughter is getting older hes starting to hit back.

I dont want to get rid of him. I'm thinking of getting a plug in cat thing that can calm him down but what advice can you give me please?

Cat slaps baby, what do I do to calm him down and get him to stop?",behavior,
How to de-condition my cats to Michael Jackson’s smooth criminal,training ,"gray training vs accomodation (neighbor triggering mj music) of cat acting up / wait mj deconditioning, its so funny"
"Am I being unreasonable for wanting to bail on an overnight backpacking trip because I’m worried about my cat? I’m supposed to go backpacking tomorrow with a friend and a few other people. We’d be gone for around 36 hours, and there would be no cell service, so I wouldn’t be able to check on my cat while I’m gone.

My cat is 11, and she’s currently staying with me at a friend’s place while I’m traveling. She’s been doing fine here, eating and drinking normally and mostly back to her usual self after the drive. I don’t have any reason to think something is wrong, but I’m still really anxious about leaving her alone for that long. I might be able to get someone to check on her, but I’m not sure how comfortable I feel relying on that, and I wouldn’t be able to check in myself because of the lack of service.

Part of me thinks I’m being ridiculous because she’s been fine here and it’s only one night, but another part of me feels genuinely uncomfortable leaving her without being able to check on her. I also feel awkward backing out at the last minute when my friend and several other people are going. I thought backpacking would be fun, and I feel like I should go, but now I’m questioning whether I’ll even enjoy myself because I’ll be worrying about her the whole time.

Would you go, or would you bail and just do a day hike instead? Am I overthinking this, or is it reasonable to decide I’m not comfortable leaving her alone that long?",accomodation,
"Do cats have their own little schedule? I was laying in bed a few minutes ago and saw one of my cats suddenly leap off the bed and race into the hall. It got me thinking: was he late for an appointment or did he forget something from earlier in his day that he suddenly recalled? 🤣 I know cats don’t view time in the same way humans do since they obviously can’t tell time with a clock, but are they able to make their own schedules? Like when I’m at work during the day do they plan out how they’re going to spend their day napping, window watching, scratching the coffee table, 💩 time, etc? or do they just live in the moment and act as the mood strikes them? I love watching them lounge and then suddenly jump off the bed and prance into the living room, only to stand there like they forgot what they were doing. There’s obviously meaning and structure to their day, just not in a way we might understand. Hopefully this makes sense",behavior,
"Worried about elderly cat getting out when company comes over Ok so my cat is 18 years old. Her name is Sunny. I absolutely cherish her and she adores me. I wish I could upload photos because our bond is truly something else.

My dad has family coming over next week for 3.5 days. It’s a Mormon family, so 2 adults and I believe 6-7 children between 2-10 years old. She is obviously going to feel stressed and overstimulated. My biggest concern though, is anyone- including my dad who is hosting this thing- leaving the front door open due to being distracted, and Sunny either bolting outside (she has obvious cognitive decline, developing cataracts, and can’t hear very well at all. I have to be careful greeting her because she gets easily startled because she can’t hear me approaching) where she could get lost and NOT FIND HER WAY BACK HOME, or people being oblivious, or kids being kids, and shutting her outside by mistake or ignorance and forgetfulness or mindlessness of the boundaries I am going to set as far as leaving the front door open. If she gets out and strays from the house, she WILL NOT BE ABLE TO FIND HER WAY BACK HOME. it’s every animal owners worst fear, right? Never knowing or having any idea how this thing you deeply love is doing. If it’s ok. Where it is.

So basically, big risk with so many kids coming over.
My dad is in his 60s, but has the emotional intelligence of a carrot, or any other vegetable really. He is basically like a young teenager when it comes to confrontation and he does not take many of the safeguards seriously when it comes to Sunny. Despite me showing studies and evidence about the risks and limitations of a super elderly cat, he doesn’t agree, and you can tell he doesn’t buy some things I say AT ALL. how he felt about something beforehand is all the evidence he needs to feel completely justified and valid about things. He is right because he feels he is right. I don’t trust him to be careful with the front door or the kids not overwhelming her at all. He thinks I am being WAY TOO overprotective, despite me referencing and trying to show the studies. Acute stress can absolutely cause physical damage to an 18 year old cat ( such as a bunch of kids pestering her for 3 days). He doesn’t buy that. I showed him evidence and he just rolls his eyes and he says “ok” sarcastically. In his mind I’m being overboard protective. Evidence doesn’t matter. He doesn’t believe the cat could be a flight risk with stress being inside and the door being left open. I don’t think he’s been receptive to anything anyone has ever said except his mom or religious figures.

WHAT CAN I DO TO SAFEGUARD THE CAT while I am at work??! I am thinking of buying one of those dog gates they use to keep dogs out of certain rooms. There is the front door, a small porch, and then an entry to the small stairs leading off the porch. I can put the gate there at the top of the stairs. She is too old to easily jump on top of the porch fence and over very easily or quickly. It’s at least a buffer. I am also thinking about moving the litter box from the garage to my room as well so she doesn’t have to walk through the madness of 6-7 small children to do her business.

Is there anything else I can do to safeguard Sunny for the 9-13 hours I am at work for those few days?! I’m genuinely scared and spiraling about this. Sitting down and trying to have a rational conversation about my concerns with my dad (who will be the only one home all day for this as he is retired) will be about as productive as trying to set boundaries with an angry 13 year old teenager. I’m not exaggerating the dude needs therapy.

TL/DR: my kitty is 18 years old and cannot navigate or survive outside anymore. A bunch of family the cat has never met, between the ages of 2-10, are coming over for a few days during my work week. I can’t trust my dad to be as careful as believe I need him to be to ensure the front door isn’t left open by anyone and the kids don’t overstimulate her. What can I do to safeguard the kitty’s safety while me and my mom are both at work?",accomodation,
"Friend left cat with me but is unresponsive, when is it considered abandonment? August 2025, I agreed to help my friend by fostering her cat while she is at the dorms in college. The agreement was 2 years and she would be paying for her cat’s needs ($50 a month food/litter and any extras/vet bills). She kept good communication at first then she became more and more unresponsive. She did visit in December 2025 but after that went pretty quiet. She stopped sending money in Feb 2026. Her cat had a big medical episode in Mar 2026 and she said she would pay the invoice but never did. The times she has been responsive her responses seem like the pick up date is being pushed back more and more. It’s now Oct 26 and she’s just ghost mode.

I live in Illinois and can’t find any laws about pet abandonment in relation to a situation like this. When would the cat be considered abandoned and could be legally owned by me. My partner and I have grown attached to the cat and her owner’s behavior is showing us that she isn’t actually invested in her cat. She’s only interesting in reaching out to see her cat when it’s extremely convenient for her. I’ve already moved the cat to my vet because the previous vet wouldn’t tell me anything since I wasn’t the legal owner and the owner would never get back to me.

Thank you for any info!",accomodation,gray law related but other posts share?
"My soul cat has heart failure and I feel nothing. Exactly as title says, we noticed her breathing was off and that she had been eating less in June- took her in and her blood tests were all normal so everything seemed fine, chalked it up to old cat things and possibly arthritis. After lots of back and fourthing (over 3 months) to the vet and knowing something was off when her breathing became so much worse, they told us we could either take her to the ER or wait another day to clear her lungs. She went from “slightly worried about her health” to “she’s most likely going to die in 5 months” over the span of 3 days.

She is my childhood cat, I picked her out at 7 years old and named her. She saved me so many times when my mental and physical health was in the shitter. It’s killing me to force meds down her throat and watch her deteriorate but ultimately we’re just doing at home ‘hospice’ care if you can call it that. We just lost our other cat last year to end stage cancer at a similar time and I wasn’t even able to say goodbye to her (college).

Maybe it’s the meds I’m on, the fact that I’m going into veterinary medicine, or maybe it’s because I heard the possibility of heart failure and I’ve been pre-mourning her and expecting bad news. But it hasn’t hit me yet she might not even make it till Christmas.

I’ve been trying to spend every day with her but I just had hip surgery and the place she goes to (my room) is upstairs. I’m so sad but at the same time I’m not. Does it get any better?",health,gray bc could be jsut emotional vent
"Cat has a broken paw, managed to slide off her cast twice now. I'm really at my wits end and don't know what to do going forward.

At the beginning of the month, one of my family's cat's broke her paw. She had a botched landing from a jump. We took her to the emergency vet and got her patched up, but unfortunately she has managed twice now to pull her paw out of the cast.

She's going back to the emergency vet to get another one put on, but at this point I don't know what to do if she's messed it up again, or if it won't heal.",health,
"Struggling acclimating two cats Hey all. We have two cats as of now and we have had a long conversation which included many tears of my own about rehoming our recently adopted cat. We got our first cat a few months ago and she acclimated almost instantly. A friend was bringing a wonderful cat home from the Virgin Islands for a family and it fell through. We volunteered to take him in (a 2y 17lb Bombay neutered male). He is an absolute angel. He is super sweet and pretty gentle. He loves being around me while our other cat (1y 8lb mini Siberian spayed female) loves my partner and is very high energy. She has never hissed until we got the new addition to the family.

In the beginning it was about keeping both of them comfortable and working through the acclimation process by feeding on either side of the doors, soft introductions, etc etc. As we have progressed, our resident cat has gotten more and more aggressive. She now hissed at the newbie, sometimes lets out a small growl and tends to get bitey with the humans trying to facilitate. I was able to give her lots of treats today with two stacked baby gates and her having a view of the newbie. She only gets aggressive when she can see him, when she can roam free she is totally fine.

I also have feliway diffusers, I have swapped isolation rooms for the newbie and tried a multitude of exercises with both of them. The newbie (the big boy Bombay) loves the room he is in. He has a great view of the wildlife outside, has a nice comfy bed and fluffy blanket to sleep on, toys, food, water fountain and a scratching pad that he LOVES. He rarely seems stressed in there and enjoys it when I go in to hang with him, feed him and give him attention. He is particularly good with me, but is also really good with all people (normal for the breed).

I am heartbroken of the fact that I may have to give him up. Luckily he would go with the friend that brought him here to the mainland and I would make visits every few months or so.

Any suggestions? I have 8 days to continue to work on this. It has been just shy of a month now. They both have been with other cats before, especially our female who we adopted from a cat room, so it doesn’t make sense to me why she is being so aggressive.",accomodation,
"Any tips on how I can adjust my cats to living in a small apartment room? I have 2 cats, each around 2 years old now. My family and I raised them in a really big three story house. Now I’m moving out and I have to take the cats with me. I’m worried they might not be comfortable moving into a cramped apartment. (1 main room, 1 bathroom, no balcony)",training ,
"Big litter training problems help! I got a beautiful cat at three months. He’s a boy and has not been neutered yet. He spent the first two months of his life with his three siblings and his mother in a reasonably small room. I believe the kittens were never trained properly with a litter box and the mother probably was prompting the kittens to poop by licking them? When I brought him home here, I put him in my guest room so that he could adjust and feel safe . There is one other cat in the home and I wanted to take it very very slowly the introductions. Over the course of a week the cats became accustomed to one another from a distance, and then a slightly lesser distance and now they love to play. But the kitten is still peeing and pooping on things. At first when he came, he only would poop outside the box preferably on material where he could cover it up. I have to assume that’s what he was doing at his old house. After a full week of or after about eight days now, He, the guestroom, I’ve removed all the material from the guestroom and have put a tarp down and plastic. It feels terrible, but I’m trying to create a floor that he doesn’t want to pee or poop on and wear. The litter boxes is the most easy thing to work with. I have three litter boxes in different parts of the room now Different brands and different textures. Where before he would only poop outside the box now he’s pooping pretty consistently inside the box, but now wants to pee outside the box. Just now he peed in the box and dug dug dug and covered the pee. , yay! then he got out of the box and continued to paw at the ground for quite some time. Then we played for a while, and then when he had to poop, he went back to the box dug for a while, then got out of the box and started to poop. Or I caught him in time, but he wanted to poop on the floor. And an hour later he still hasn’t pooped and he’s playing big a little manic and I sense it’s bc he doesn’t want to poop ‘wrong’. I’m totally confused. He has two separate boxes in which to pee and poop. He has different texture litter, all unscented. Slowly, but truly, I’ve been removing all the fabric and furniture in the room so that he has fewer options. Now it’s just plastic or litter box. I’ve tried leaving a poop and pee in the box so he can smell it and know that that’s where to go and that didn’t work so I tried taking all the pee and poop out of the box every time he went so that he’d always have a clean box. Nothing seems to be working. Nothing is consistent. Can someone help me?",training ,
"I have cat health anxiety- how do I know when to take him to a vet? I have a 1yr old cat and multiple times I have panicked about changes in his behaviour (for example, being more tired than usual, less vocal than usual, peeing/pooping more or less than usual), only for him to go back to his playful self the next day and be fine. I google ‘cat grimace scale’ and convince myself that he matches the picture- I find it hard to tell. But I also don’t want to be like “it’s just health anxiety, he’s probably fine” and then miss real signs that he’s suffering. Does anyone have any advice? :( Given his age it’s mainly bladder/stool issues that I worry about.",health,
"How to accommodate an outside cat properly To start, my partner and I rescue cats. We currently have 12 cats indoors taken in from various circumstances. We cannot…. I repeat absolutely CANNOT bring another cat inside. We never intended to have 12 but here we are. (Yes we have rehomed the eligible ones and these are here to stay so there are no negotiations about that)

I’m new to Reddit and cannot figure out how to post photos but he is a gorgeous large black cat with shorthair.

We are normally against keeping cats outdoors only but this handsome gentleman has chosen our home as a safe place and we’ve started feeding him since it is mid-winter and he needs support to stay warm. This has been going on for about a month. He is not friendly to people yet but I will hopefully get him there.

Other than feeding, TNR, flea & tick, and regular deworming — what would the other ‘crazy cat people’ recommend that we do to provide him with adequate care without brining him inside? We would like to eventually build him a permanent shelter with heating/cooling but we are not financially there yet as we are remodeling our house after a black mold remediation.

I’d love to get advice and very much appreciate photos of what you guys have set up for your outdoor cats / strays. We live in the South, zone 8A, for reference of our average temps. It gets hot in the summer and stays very humid.",accomodation,gray
I don’t know what to do for my cat or my mental health My cat escaped today but it’s not his first time. It’s his 3rd time this year. I’m so very tired kf worrying everyday even when he’s inside. I woke from 6:50-4pm every day except on weekends and there doesn’t go a day where I don’t worry he’s escaped. And when he does like right now it’s impossible to get him inside. Practically impossible. He won’t go near anyone and is flighty. He stays in the area but I live in an area where there is a little woodsy area in my backyard that has a lot of animal life. I’m so scared for him at night but im so so tired bc he begs to go outside. I’m tired of feeling anxious when he escapes like right now. Frankly I’m tired of caring about him outside if that makes sense. It’s genuinely tearing my mind apart. I can’t eat or sleep and I’m constantly trying to look for him. It’s so mentally draining my brain feels like mush I’m so tired of it. I’m tired. And scared. Just tired of dealing with it everytime. I don’t know what to do at this point. I didn’t know having a pet would cause this much heartbreak. My brother is on a week trip and my sister moved out so there’s no one to try to get him inside while I’m gone. I feel so sleep deprived. I’m just venting bc I hope I’m not alone in this. I love him so much and just don’t want to feel like I’m gonna die when he’s outside.,other,gray. sounds like health but is more personal vent
"Small ways to improve cat health? So, my cat drinks plenty of water, gets exercise, and even gets a LITTLE bit of variety in his diet (I do kibble mostly and wet food twice a week so he gets different stuff)

What are some other small ways I can improve health so my kitty says healthy as long as possible. Should I increase the variety in the diet? Like once a week making them “real food” with boiled season-less chicken or smth?",health,
help with my cats behavior! How to keep my cat from getting into stuff while i sleep?? i dont wanna cage her at night. i’m struggling,behavior,
"I am in an argument with my dad about whether my cat is healthy or not. I am being pressured to do something about my cat, Pickle but I truthfully don’t feel like Pickle is in need of anything different.

Pickle is a 12 year old DSH and he weighs 18lbs. He is large by frame but his body shape is also round around the belly and he definitely appears to be a “fat cat”. He is an indoor only and low activity since Pickle’s favorite thing to do is lay in bed and snuggle.

I adopted Pickle from a shelter when he was 12 weeks old. By the time he was one, he was fat. I have had many cats in my life, but I’ve never had any cat with weight problems as young as one.

Pickle is not over fed at all. He also isn’t overly concerned with food like some of my other cats. He gets excited when it’s time to eat but beyond that, he shows no interest in my food. I feed Pickle a HALF of a can of wet food in the morning and HALF at dinner time. Occasionally I will give a VERY small amount of dry kibble mid day, this is usually only because the other cats are bugging the shit out of me.

Pickle can jump on to the bed, he fits in the litter box, he has gotten matting on his back by his tail from not being able to reach but they’ve never been bad or long lasting.

TLDR: is my 12yo cat healthy at his weight of 18lbs? He gets one can of wet food a day, half in AM half in PM. Can a cat be considered totally healthy if they are overweight?",health,
"Training cat for car rides and travel? My cat is 7 years old as of this May, so idk if she's too old already to train to go on car rides and travel with me? She gets separation anxiety and always struggles when I'm away from home, hides from the petsitter, eats less, and generally seems depressed by the time I get home. We're in the US and have moved from the Midwest to the east coast and back together, so shes been on 2 very long drives with me and survived, but she did not have a fun time, she meowed and panted the whole time even with calming treats and anxiety pills from the vet. I'm a big traveler and like to go on trips 2-3 times a year, and I always feel bad leaving her behind because of how much she hates to be away from me, but I've hesitated because she seems to hate being in the car just as much. Wanting to hear other people's experiences of car training their older cats. Is it worth it? Do they ever get used to it and it no longer stresses them out? If I want to try, how often should I be taking her out on drives around town to get her more used to it? If you travel with your kitty, are car rides or planes easier for them? Thank you!",training ,
"New kittens have minor health issues;concerned about fleas and ringworm spreading So i just adopted these two boy kittens on wednesday , they’re between the ages of 6 and 9 weeks old . I just discovered one of them (percy) has ringworm and they both had minor fleas when i brought them home. I immediately took them to my bathroom and gave them both a dawn bath (i didn’t have any flea shampoo on hand). I combed their fur with a rat tail comb since i didn’t have a flea one yet and tried to make sure i got all the fleas. They seemed free of fleas but I set up an appointment with my local vet clinic this coming wednesday to get them flea prevention as well as deworming and their vaccinations.

Turns out they were not infact free of fleas so on Saturday(yesterday), I attempted to give them both another bath but on Friday I noticed a bite mark on one of them (loki) , it was red and he kept licking it so i diy-ed a sweater to keep him off of it and it was still open when I was gonna give him a bath so to avoid the bite getting infected or anything i opted to not give him a bath since i really only did see a flea on percy (ik loki most likely has some stragglers too). I moved on to bathe percy and that’s when i noticed the ringworm … he also wasn’t going for the bath whatsoever.

I online chatted this 24/7 vet and she recommended a quarantine and some shampoo and mousse , even though I didn’t see any patches on loki , she said since they been playing and grooming each other I should treat them both . So they’re both quarantined with their food water and litter box in my laundry room in my basement, it’s pretty spacious and i put some toys in there and check on them.

My main concern is i caught on too late and they’ve already infected the house with flea eggs and ringworm spores . Last night i moved the and everything they used or laid on (towels bedding toys) to the laundry room and washed it on high heat . I’ve vacuumed twice since then and made a bleach mixture to wipe down surfaces. I don’t have a flea and tick spray yet but i’ve ordered one , i just want to know if an infestation is still possible and if anyone in my house may have contracted the ring worm. day one they were upstairs the whole time to get comfortable, same as day two , day three , they came down the stairs and explored a little , day four they were jumping about …until the realization. and today is day 5 🥹",health,
"Living space for cats I'm heading back to school next week and I have a special accommodation where I live at work. The room is about the size of a large dorm with a bathroom, but no kitchen. I was originally under the impression I was getting a bigger accommodation this fall, but was just told that was no longer the case.

The problem is I was told I could bring my cat with me and anticipating the bigger space I now have a second cat as well. I can leave them with my family when I go, but I obviously really want them with me. Especially where my new cat is still a kitten.

I think it's too small of a space to fairly have the two cats in there because I would hate for them to feel cooped up. But I don't know what I want to do. I was so excited to have them with me since I get pretty homesick during the school year, but while the space is big enough for me, I don't know about them since they're used to living in a house.

I know there are ways to give them more space (cat trees, window perches, etc.), but I'm torn. I was just told today and I'm leaving next week.

I guess I'm looking for insights and tips. I left my cat last year and she was fine, I just had my hopes up, I guess.",accomodation,
My 3-months old kitten still doesn't know how to meow properly. Is that normal?,behavior,
"How do you effectively train/discipline your cat? I have two cat babies, both rescues, both of whom I love immensely. One of them is just about the most easygoing cat I have ever been around. If he gets to sit in his daddy’s lap for a little while and has access to food, he is perfectly content.

The other one, however, I’m having some issues with. She’s a sweet girl but kind of needy, which is to be expected from any pet. I work from home now and it seems her neediness has gotten worse.

Specifically, she’s taken to coming to wake me up in the middle of the night for no reason. I get up, I check their bowls to make sure everything is good, have looked for other sources of her being bothered and come up with nothing. In addition to that, she started biting my feet and climbing all over my computer and stuff while I was trying to work. In order to avoid the distraction, I set up an office in the garage. The cats are not allowed in the garage as it is also my fiancé’s work shop so they get super dirty and track it all inside, as well as running the risk of them trying to eat a loose screw or something, so it’s just a cat free area. No matter what I do, she spends most of my work day sitting inside the garage door crying at me. It’s equally if not more distracting than what she was doing when I was inside.

I’m a writer so I really need to be able to focus while I’m working. Not only is it distracting while I’m working, but it’s hard to focus on anything when I’m being woken up every few hours for no reason. I play with her and give her tons of love during the day, we use laser pointers and string toys and if I’m inside hanging out I’ll give her a catnip toy. She has the other cat to play with and regularly does. I’ve tried putting pet block on the window sill where she likes to wake me up from and along the bottom of the garage door and it made zero impact. I’ve tried rewarding her with treats on the rare occasions she’s busied herself while I’m working and leaves me alone. I don’t use a spray bottle because I read somewhere it’s abusive and will make her scared of me.

I obviously don’t want her to fear me. I love her to pieces. But something has got to give. What else could I potentially do to teach her these behaviors aren’t okay?",training ,
"Looking for Automated Pet Feeder for Multi-Cat Household TLDR: Looking for automated cat feeder recommendations for 6 cats that will help us manage diets for specific cats.

 

I have 6 cats. Some of them don’t get along so we have to keep them separated at night when we’re not able to keep them in check. Currently, we leave food out in bowls in two locations at all times so they can access food whenever they need while my wife and I are at work. Unfortunately, a couple of them have become pretty obese and we need to get them on a diet. We’re thinking about policing each meal on a schedule, but that takes a lot of time with 6 of them. Time we don’t really have with everything else going on in our lives right now.

We’re hoping to find an automated feeder solution that can accommodate multiple cats, dispense individual portions based on which cat approaches, and prevents them from stealing each other’s food. Here’s what I’ve found so far and my concerns about each…

The Automatic Pet Feeder by Pawspik: Only pairs with one cat’s microchip or RFID tag, so I’d need to spend $250 x 6. Otherwise, this one seems great.

The “AI” Pet Feeder by Wireless Whiskers: Don’t get me started on the “AI” marketing for this. That aside, this seems pretty good overall. But I don’t see any mention of some kind of app or way to monitor if the cats actually eat. Their RFID tags seem very very bulky. And there’s not many people mentioning this one. Is it even a reliable product?

The One RFID Smart Feeder by Petlibro: This one appears to fit the bill. But then they go and want a freaking subscription fee on top of buying the unit! Plus I’ve seen quite a lot of posts around Reddit about bad experiences with Petlibro.

The Feeder-Robot by whisker: expensive per unit, no way to prevent another cat from shoving their way in and stealing a meal, only dispenses on a schedule with no option for RFID or microchip ID.

The Microchip Pet Feeder by Sure Petcare: This one can ID the cat by microchip and can cover food to prevent meal theft, but it only holds one meal. I might as well feed them myself and police it. Plus I’d have to buy 6 of these at $200+ a piece.

 

Currently I’m leaning toward the Pawspik option, but that is a huge bill that I am hoping to avoid. Are there any other feeders out there?",accomodation,gray maybe a food label?
"Help with Kitten training I recently rescued a kitten that was outside in the AZ summer heat. I do not know how old he is (he looks really young)and I am currently working on getting him to trust me and my other dogs that I currently have, and how to use the litter box and was wondering if anyone had any tips or help that I could use. This is my first cat and I just wanna make sure I’m doing things right for him.",training ,
Accommodations for cat missing rear paw? I have a kitten that is missing his rear paw and that leg is curved in. I was wondering what are if any accommodations I should make for him. I have a year old and he is one of three 4 week olds. I want to do my best so he can do everything a cat like to do but keep him safe as well.,accomodation,
"Need behavioural advice please One of my kitties (13 month female) has recently started going under my bed and making a lot of noise in the early morning.

It started when I was between contracts and sleeping late most days. I figured she was just hungry because when I'm working I typically put their food out at 5am.

It's continued, however, even now that I am back to work and waking up early. She'll usually do it one or two hours before I wake up. If I shut her out of the room she'll scratch and mew at the door around the same time, which is just as disruptive.

I put food out, refill the water dishes and clean out the litter box before I go to bed. I give her lots of love and attention throughout the day; I also adopted her mother, with whom she loves to cuddle and play, so it's probably not loneliness or lack of attention. She also has lots of toys, a cat tower and some cardboard boxes to play with on her own

Is there something I can do to change this behaviour?",behavior,
"Behavioral issues I’m at my wits end with my cat keeping me up at night so seeking advice! In the last 6ish months my cat has been waking me up almost every night. He will meow for food (I sleep upstairs and his food is downstairs) even if he already has food. Sometimes I will give in and feed him a bit upstairs but sometimes I try to ignore it. If I don’t give in he will meow until I give him attention or knock things off my shelves. He gets enough food and playtime, this is really the only behavioral thing he does that bothers me because I have not slept through the night in MONTHS unless I spend the night at my boyfriend’s house. He’s a 5 year old male cat. We live in an apartment with plenty of windows, he has another cat he tries to socialize with (13 year old male so he doesn’t play much), and he has plenty of toys. Open to ANY and all advice because I am so exhausted all the time! Thanks in advance!",behavior,
"New behaviour So we have a lovely 11 month old kitten who has been with us since she was about 6 months old. She’s very well settled and we recently got a 9 week old kitten. She just hisses at her, baby kitten is separated in her own room with separate everything. We spend equal time with them and fuss them equally, we feed our older girl a treat if she is sitting nicely, watching the baby with no hissing. She hasn’t tried to attack her. Anyway, today she decided for the first time to bring a dead shrew home, she’s been allowed to roam outside for the past 3 months with no problem and no ‘gifts’ Is the shrew a gift? To us? To the baby kitten? Is it a show of dominance?",behavior,
"Cat Health Yesterday i adopted a cat from the shelter. They said he was a stray and estimated his age to be around 4 years old. He was castrated after arriving at the shelter.

He is very friendly from the beginning and had no problem using the litterbox, but i have some doubts about his health.

* After pooping his butt smells quite bad and some liquid poop stayed on his butt.
* he sheds A LOT of hair, even after lots of combing it does not become less.
He leaves tiny puddles of pee in random places.

I also believe he has a little trouble cleaning himself, i see him not do it very often as i see other cats do it.

What do i do? A visit to the vet is definitely a must, but if anyone has experience with these things i would love to hear about it.",health,
"Southwest Approved Carrier for x2 CATS! Hi there, I am moving soon and plan to take the plane. It'll be a 5-8 hour flight. Southwest is my cheapest option, and I am trying to find a carrier that can accommodate two mid/adult-sized cats. And is still within Southwest's maximum dimension requirements, which are:

18.5” (L) x 13.5” (W) x 9.5” (H). 

Any suggestions/help is most appreciative! I tried looking but couldn't really find anything to help with both of my kitties",accomodation,
"Accomodating Apartment for Cat Hello! My parents can no longer take care of the cat they've had for years. I am wondering about taking him in. A little overwhelmed and want to have my bases covered, and looking for a sanity check. I've wanted a cat for a few years now.

I grew up with cats, and live alone in an ~600sqft apartment on the third floor. I have big windows, hardwood floor and no other pets. (landlord gave the OK for a cat). I plan to live here for atleast the next 5-10 years, likely buying a condo in the area next year.

He's been an outdoor cat for years but is getting a bit older (10 ish?). I will see if I can get him on a harness+leash, otherwise the most he'll do is sit on the balcony with me. He doesn't have any outstanding health issues and afaik is in great shape. I can afford vet bills.

I work from home, vets are not too far and I know my guy and his personality. I'm just worried about giving him everything he needs...

I have allergies which are mostly manageable via flonase (life changing. find it on Amazon). I am mostly worried about litter box...

My apartment is technically a 2 bedroom that was opened up, I have a bedroom that is just separated by a curtain. I have a front and back balcony. A closet in living room and in bathroom. I clean regularly.

Bathroom is very small, there isn't really any room for a litter box. worried about his privacy and smell.

Any advice (or support) appreciated. Anything that i am missing or need to consider?",accomodation,
"Is this standard behavior? I have a 9 month male tuxedo. A feral cat had kittens under our house, and we managed to safely trap them and take them to a clinic that fixes freaks and rereleases them. We’re now fostering the kittens until they’re old enough to adopt out.

As we’ve slowly been doing introductions for about a week, we’ve been trying to watch their behavior as closely as possible to make sure everyone’s safe and happy. The only thing that’s concerning is my tuxedo keeps “biting” the babies. It’s not really a but though, more like occasionally pinning them and placing his teeth on their back/back of neck. The kittens don’t ever cry, and it’s never longer than 10 seconds until he lets them up. Is this just him asserting some sort of dominance? I’ve never seen this in my 10 years of owning cats.",behavior,
"Any tips for healthy cat? First time having a cat. She turns 1 in a few weeks. All I do is give food and toys. Not sure what foods are good to be honest I never got to conclusions. So I just do mix Purina one, Felix, gourmet, and wellness core dry as well.

Are there any supplements to keep her healthy? Such as urinary support, extra vitamins anything that might prevent problems before they even start. Something good for vision, any specific toothpaste and also any specific toothbrush since atm I just use a baby toothbrush. Just anything extra I can do for her

Are there any particular types of toys to keep her happy as she is used to then balls, mice, coils. Bought a bird that makes sound but didn't ever play with it.",health,
"What type of cat have behavioral issues? I see a lot of folks have cats that are very unfriendly /skittish, pee or poop outside their litter box or are destructive. I wonder how many of these cats were born and raised in a good home and how many were rescued street or hoarder cats.",behavior,
"Adopted Cat Behavior We have a cat (1) female who does not seem to be doing well. She stays on top of the fridge 24/7 and refuses to leave. Our other catd pay no mind to her and she hisses and bats at them. If we do not bring her food, she wont eat, and she will pee of the side of the fridge. The vet said to give her time and see if she adjusts, but she hasnt. I have had zero luck rehoming since she seems unhappy and all the no kill shelters are full. I dont know what to do to curb this.",behavior,
How do I train her? I recently just got a kitten she’s been with me for 2 weeks now she is 10 weeks old and refuses any treat. I want to try training her the basic’s like touch and sit but she either gets distracted or doesn’t want the treats any tips??,training ,
"Emergency training my cats The title may seem crazy but hear me out. I’m crate training my cats. Using my dogs old crate (he’s a pit so it’s a big one). I put their bed in there so they go in and out to sleep. And I’ve started leaving treats in there. They’ve been chilling in it whenever they want to hide or feel safe. Don’t worry I never shut them in there. The door is always open for them to go in and out.

Anyways the reason I’m doing this is because a few weeks ago there was a scare and I realized that if something happens and I need to get my cats there needs to be a safe place they all run to. Whether it’s their carrying carrier or this crate. These cats are severely adverse to humans. They run away from me and they’re fast so I can’t catch them. So if there’s a time where I need to get them out quickly I know where they’ll run to.

It seems insane but I’d rather them run into a crate than run away from me during an emergency.

Anyway the reason I made this post is because cats run when they get scared. It’s best to have a safe space for them to run to so that you can easily transport them in case of an emergency. Especially if you have multiple.",training ,
"Leash training So I just bought two extra small dog harnesses to try and leash train my kitties. I have never done this before and was wondering if anyone has done some trial and error and has some tips to help me out?

Here’s my plan, please let me know what else I need to do:

First I’m getting them used to the harness indoors for 10-15 minutes a day, and using the time with the harness on as playtime with catnip and treats. My hope is they associate the harness with fun and playtime so they don’t hide or run when I bring out the harness. I’ve done this once, as I bought the harnesses today.

My next planned steps will be, once I can put the harness on without needing help holding the wiggly kitties still, and they just accept it as normal, I’ll let them drag a leash around. Then I’ll get them used to tension on the leash, and then move to outdoors.

Obviously this sounds good to me in theory, but is there anything I should be aware of, tips, things to look out for, or is it a good idea to leave the harness on unsupervised? I haven’t, but for future reference. Also taking them outside, one cat (4 y/o) grew up on a farm so she’s been out before but the other has been an apartment kitten her whole life (8 months.)

Thanks in advance!",training ,
"Accidentally crate trained my kitten Wanted to share the oddity I've created lol. I got my kitten a bit spontaneously, and my bedroom wasnt kitten-proofed when I brought her home. I intended on just having her sleep in my living room, but she cried at my bedroom door enough that I decided to just sleep on my couch that night and clean my room the next day.

Cue me having a family emergency and then getting some awful virus that knocked me off off my feet. The next night, I hadn't had time to kitten proof my room, so in a desperate move, I put her in her mesh travel backpack, zipped it up, and laid it right beside me in bed. She purred herself to sleep.

The next night: same thing, maybe with even more purring. I overslept my alarm, and she woke me up by meowing and scratching at the backpack, so I woke up and took her out to the living room where she immediately hopped into her litter box.

Fast forward to my room now being kitten proof, but now when she decides it's time for bed, she hops over to her backpack carrier and yeets herself inside before staring at me until I take her to bed like that. Every night, she purrs and purrs in that freaking backpack until she falls asleep.

I know that cats aren't meant to like being contained like dogs do, so I am genuinely at such a loss at what is happening here lol. I'm wondering if she's seeing how much my dog is obsessed with her own crate and it's rubbed off. I'm not forcing her to stay in it or continue this routine, and she's electing to do this, so i guess it's fine, but still odd behavior. Thought I'd share since I've never heard of a cat acting like this",training ,
"Common Health Problems Of Cats If you are new to owning a cat, you may be surprised to find that health problems are a common thing. No matter what breed of cat you own, health problems are to be expected. Some can be hereditary, while others can be easily avoided.

Worms Regardless of the breed of cat, worms are a very common and recurring problem. Tapeworms, roundworms and hookworms are among the most common that infect cats. Cats that have weight gain problems, flea problems, or if you find white spots in his stool, you should ask your veterinarian to test him for worms. Although they can be treated with medication, worms can prove fatal if left untreated.

Hair balls Hairballs are the most common health problem for cats. All cats groom themselves daily, normally swallowing the loose hairs that come from their coats. Occasionally, these loose hairs will gather in a ball and lodge in the digestive tract instead of passing through your cat's stool. When your cat starts coughing and hacking, it normally spits out a hairball. Although it can be rather disgusting in the end, most cats can dislodge the hairballs without any problems.

In rare cases, a hairball can pass through the intestine of a cat, creating a blockage. Blockages are very serious problems and can be life-threatening if left untreated. If your cat becomes constipated, does not eat properly, or has a very dull coat, it could have a blockage. If you notice any of these symptoms, you should immediately take him to the veterinarian. You can prevent hairballs and blockages by brushing your cat 2 or 3 times a week to remove loose hair. You can also give him food designed to control the hairballs.

Urinary tract infection Urinary tract infection is also a common health problem in cats. Urinary tract infection is more common in male cats that have not been sterilized, although females can also suffer from this problem. When a cat suddenly stops going to its litter box, this problem is normally the cause. Another symptom is when the cat's urine begins to smell very strongly. If you suspect that your cat has a urinary tract infection, you should take it to the vet. Your veterinarian can treat the problem with medication and make recommendations to help avoid this problem in the future.

Feline leukemia In the past, feline leukemia was the biggest cause of death in cats. These days however, there are vaccines available that can treat the disease. To treat the disease, your cat will need to receive the vaccine before being exposed. Even if death does not occur immediately, cats exposed to feline leukemia normally have a long lifespan. If you know that your cat has feline leukemia, you should never allow other cats around him, as the virus is very contagious.

To protect your cat, you should always make sure to take her to the vet for her regular checkups. If you keep him informed of his vaccinations, he should lead a healthy and productive life. Although some health problems can be prevented, most of them can. You can also keep your cat indoors, which will protect it from the majority of health problems. If your cat is an outdoor cat, regular visits to the veterinarian will keep it healthy. As long as you take your cat to the vet and keep it healthy, it will be your companion for years to come.

If you like visite or youtube channel we have more videos: cats problems",health,
"Update on my cat not letting me sleep/waking me up in the middle of the night—she caught a health issue. Long story short, my cat kept waking me up randomly at night and not letting me sleep, then not letting me sleep in on days that I could even after feeding her.

I have a smartwatch and it among other things like being a watch also tracks my oxygen levels and heart rate and stuff at night. She woke me up again this morning at around 4:30 and very violently would not let me go back to sleep. I sat up and noticed that I felt pretty winded and so I opened up my watch and my oxygen levels had dropped from 95 to 89. Then I saw that it did the same thing yesterday right before she woke me up.

Then I went back and started checking, and almost every time she’s just randomly woken me up has correlated with my oxygen dropping below normal. I don’t know if I was breathing funny or if she just knew something was up, and I know correlation doesn’t equal causation, but the pattern is WAY too obvious, and I already know I have breathing struggles while I’m awake.

So I guess I’m going to get a sleep study done. Cats, man. She’s sleeping by my feet now. Completely content now that it’s back to normal. I don’t know if she knows how smart and awesome she is, but man I love her so much. She can be an absolute bully sometimes but it’s always out of love.

Edit: sometimes cats are just jerks—this doesn’t always mean something is wrong! Always consult with a medical professional when you suspect something may be going on :) in my case I have had these symptoms for years and never explored sleep apnea as a diagnosis and wouldn’t have thought to do so until now, after noticing this pattern thanks to Bast. Cat tax shall be added!",other,health but only to the owner which the cat picked up was changing (personal story or behavior
"do basic research before asking reddit for advice most of you are grown adults. yet a lot of the times, i notice two things:

basic, extremely google-able questions.

people improvising key aspects of cat care, especially with socialization & first-time cat owner things, then asking redditors for tips on fixing their mistakes when they could've... googled it first and gotten their answers much more quickly and potentially not make the mistake in the 1st place.

doesn't necessarily make someone a bad person, but maybe a more helpless one... and potentially chronically irresponsible by consequence because of a lack of basic research skills and lack of proactivity.

please. for the sake of yourself and your pet, google things first to see if you can get your answer in seconds. you could get your answer a lot faster, and even if you still ask clarifying questions on reddit, you'll have enough context to know when someone's saying something absolutely batshit. 🫶🏻",other,commentary on posting in general
"How did you know your cat was the one at the shelter? going to the humane society today to see some kitties :) wish me luck

i had 2 dreams about bringing a kitty home, i think it’s a sign from my soul cat who just passed. I really need a friend.

How did you guys know your kitty was the one? I’m just curious :)",other,picking a cat
"How do you give your cat larger pills? Long story short, my cat is undergoing treatment for gastric large cell lymphoma, and her oncologist prescribed her a liver supplement (Denamarin). The pill is pretty substantial, and it’s been very difficult to administer (even while wrapped in a safety burrito) without feeling like I am torturing her. Despite her cancer, she is still very strong and feisty, and yesterday it took both myself and my husband holding her still, prying her mouth open while screamed bloody murder, then holding her mouth shut after we dropped the pill in. I felt like the devil afterwards.

She already is a pro at spitting out tiny pills, and we have to get her Prednisolone compounded into a liquid. I don’t think this is an option for the Denamarin. I could try to crush the pill and mix it into a churu treat, but she can sniff out stuff like that and will refuse the treat if she senses it’s been tampered with… She will also eat around cheese or pill pockets. I also read that not all pills can be crushed as it can affect the absorption rate.

Any tips or tricks are welcome!",health,feeding pills
My friend pities my cat and it annoys me so much .,other,just the title
"How do I stop my cat from parkouring off my face at 4am? Clarice is turning 1 next week, so I think that means she's still in the ""teen"" stage. She is pure chaos. She chews on the plants (sprayed with Bitter Apple, so she stopped chewing the leaves and started pulling bits of mulch out of the pots), throws litter everywhere, chases her sister, climbs on top of the cabinets and the wash tower, scales the window screens, and screams just to hear the sound of her own voice. She makes silly little gremlin noises as she bounces around - the best is when I hear a huge crash as she careens into something, followed by an uncertain little ""brrrr?"" noise after the dust settles. I love her.

She has a new unpleasant habit of wanting to involve me in her zoomies, especially at night. It's like she gets so excited by running around top speed and decides she wants to share her excitement with Mom. Which means targeting the part of me she can see - my vulnerable, unsuspecting head and shoulders poking out of the blankets.

It's a spacious studio apartment with one little storage room, so I can't really close her out of my ""bedroom."" I do throw her in there after this happens to get some peace, but there's no litter box in there and it wouldn't be cool to cram her in there all night. Last night she scratched my face and I'm at my wits' end. Any ideas how I can stop this behavior or should I just start wearing a motorcycle helmet to bed?",training ,gray btwn behavior and training 
does my cat know im drunk very important right now i think,other,